Name,Price,Rating
Price and other details may vary based on product size and colour.,N/A,N/A
"Jaspo Slog Heavy Duty Plastic Cricket Bat,Full Size (34” X 4.5”inches) Premium Bat for All Age Groups – Kids/Boys/Girls/Adults",₹399,4.1 out of 5 stars
"JRS S014 M Popular Willow Cricket Bat Size 6 (12-14 Year Year Old Kids) with Ball Pack of 1, Wooden Cricket bat",₹449,3.3 out of 5 stars
"Boldfit Turf Bat Cricket for Adults Plastic Tennis Cricket Bat for Mens Heavy Plastic Cricket Bats with Grip for Gully Cricket, Tournament Match Standard Full Size Tennis Ball Bat for Cricket - Black",₹449,4.1 out of 5 stars
"Jaspo Slog Heavy Duty Plastic Cricket Bat,Full Size (34” X 4.5”inches) Premium Bat for All Age Groups – Kids/Boys/Girls/Adults",₹399,4.1 out of 5 stars
"Ske Popular Willow Cricket Bat With Bat Cover For Men'S And Adult All Tennis Ball (Natural, Full Size), Wood, Multicolour",₹435,3.4 out of 5 stars
Jaspo Dominator-x Senior Plastic Cricket Full Size Bat (34” X 4.5” inch) for All Age Group with Soft Cricket Ball (Dominator-BAT),₹479,4.1 out of 5 stars
"Lycan Junior Cricket Bat Size 3, Age 6-8 Year Old Kids # 1pc Cricket bat only",₹220,3.8 out of 5 stars
MS Wooden Cricket Tennis Bat with Cover Full Size (MRF BAT),₹590,3.5 out of 5 stars
"GRS Kids Zone Popular Willow Cricket Bat with Wicket Set & 1 Tennis Ball for Kids (Size 3, Age 6-10 Year Old Kids) Multicolor",₹429,3.9 out of 5 stars
"FitBox Sports Viper Series Full Size Heavy Duty Plastic Cricket Bat Suitable with Tennis Ball, Wind Ball & Plastic Ball.",₹425,4.1 out of 5 stars
XTROKE Scoop Design Popular Willow Cricket Bat for All Tennis Balls Full Size (Only Bat),₹470,2.2 out of 5 stars
Florence Full Size Popular Cricket Bat for All Hard and Soft Tennis Bat Cricket Bat Multicolor (Hitman bat with Ball),₹607,3.6 out of 5 stars
"JRS AVS Tennis Cricket bat with Free Ball (Multibrand Sticker) 8-12 Years Boys,Multicolor,Wood",₹449,3.4 out of 5 stars
Briovy Power Poplar Willow Cricket Wooden Bat Playing with Tennis Cricket Ball for Boys (Red),₹699,2.8 out of 5 stars
"PMG Hotspot Tennis Cricket Bat with 1 Ball Cricket Kit (for 6-9 Years Kids, Wood)",₹299.99,3.3 out of 5 stars
SG Kashmir Willow Cricket Bat with Full Cover,"₹1,680.53",3.9 out of 5 stars
PMG Poplar Willow Wooden Cricket Bat with Tennis Cricket Ball Combo for Boys Red (Size 4 for Age 8-10 Years) Bag Cover,₹349,3.6 out of 5 stars
"Troft Massive Spot Cricket Bat - Kashmir Willow, Free Bat Cover | Size : 6",₹999,4.3 out of 5 stars
"DSC Scorer Kashmir Willow Cricket Bat ( Size: Short Handle, Ball_ type : Leather Ball, Playing Style : All-Round )","₹1,716.96",3.9 out of 5 stars
"VICTORY Plastic bat, Cricket bat, Plastic bat Full Size,Hard Plastic Bat, Unique PVC/Plastic Cricket Bat (Green)",₹370,3.9 out of 5 stars
Florence Special Edition 2023 Scoop Tennis Cricket Bat Full Size Popular Willow bat (New Power Bat),₹607,2.0 out of 5 stars
SS Magnum English Willow Cricket Bat - Size 6,"₹2,950",3.7 out of 5 stars
"SG Prokick Kashmir Willow Cricket Bat, Short Handle Mens","₹1,867",3.9 out of 5 stars
"JRS K01 Popular Willow Cricket Bat Size 6 (12-14 Year Year Old Kids) with Ball Pack of 1, Wood",₹399,3.6 out of 5 stars
"Wooden Cricket Bat for Boys & Girls, Rohit Sharma Bat, Lightweight & Durable Poplar Willow Bat, Only Bat (Size 5 for Age 9-12 Years)",₹429,5.0 out of 5 stars
RE Wood AVS Boys Cricket Bat with Ball for Kids Size 6 (with Ball & Cover) 12-15 yrs Boys/Girls,₹392,5.0 out of 5 stars
"SS R-7 kw bat Grade 3 Kashmir Willow Cricket Bat ( Size: Short Handle,Leather Ball )","₹2,610",3.6 out of 5 stars
"PMG Virat Kohli Wooden Cricket Bat for Boys 9-14 Years, Size-6 (1 Bat, 1 Ball, 1 Cap)",₹398,3.3 out of 5 stars
SG KLR Spark Wooden Cricket Bat Size 6,"₹2,349",3.9 out of 5 stars
"TOSKA Wooden Cricket Bat Full Size Popular Willow TSK-MRF VK Genius-Cricket Bat with Bat Cover for Tennis Ball, Rubber Ball, Plastic Ball (Women & Men)",₹780,4.3 out of 5 stars
"SG RSD Spark Kashmir Willow Cricket Bat, Size 5","₹1,990.97",4.0 out of 5 stars
"GM Maxi Mini Cricket Bat 17"" ( Not Meant For Playing)",₹299,3.6 out of 5 stars
DSC Condor Patrol English Willow Cricket Bat for Men | Short Handle | Ready to Play | Lightweight | Free Cover,"₹22,649",1.8 out of 5 stars
JJ Jonex Field King Kashmir Willow Cricket bat @ Kin Store (5),₹660,3.8 out of 5 stars
"DSC Intense Force Kashmir Willow Cricket Bat, Size-Short Handle, Multicolor","₹2,255.59",3.9 out of 5 stars
"Kansal Popular Willow Cricket Bat with Ball for Men and Kids Full Size, 15 Years and Above Adult (Wood)",₹485,3.4 out of 5 stars
SG Prokick Kashmir Willow Cricket Bat with Fullcover - Short Handle Mens,"₹1,889",4.5 out of 5 stars
THE VILLAIN Wooden Cricket Bat for Boys & Men| Lightweight and Durable Bat and Two Ball |Pack of 3|Combo26 (Size 5) Maple Wood Color |,₹714,N/A
MSB Kashmir Willow Handcrafted Cricket Bat Winner and Play with Hard & Soft Tennis Ball Genius and 1 Free Black bat Cover for Lovers ad professiol Grade (Pack of 1).,₹990,5.0 out of 5 stars
"Wooden Cricket Bat for Boys & Girls King Kohli Bat, Lightweight and Durable Poplar Willow Bat (Size 3 for Age 6-8 Years, Only Bat)",₹279,N/A
"GRS Super Kids Zone Popular Willow Cricket Bat with Wicket Set & 1 Tennis Ball for Kids (Size 3, Age 6-10 Year Old Kids), Wood",₹429,3.5 out of 5 stars
Jaspo Be Wild Heavy Duty Plastic Cricket Bat Full Plastic bat Hard Plastic Bat Cricket bat Full Size for All Age Groups – Kids Boys Girls Adults(Off White),₹499,N/A
"DSC Lava Kashmir Willow Short Handle Cricket Bat, Size - 5","₹1,568.81",3.7 out of 5 stars
"Generic 2023 Special Edition Popular Willow Cricket Bat, Full Size (New-Version) Multicolor Childrens bat",₹630,3.1 out of 5 stars
"Generic 2023 Special Edition Popular Willow Cricket Bat, Full Size (Popular Willow bat with Ball) Multicolor",₹597,3.2 out of 5 stars
"GM Noir 202 Kashmir Willow Cricket Bat for Leather Ball | Full Size | Light Weight | Ready to Play| Free Cover, Multi Colour","₹3,262",3.7 out of 5 stars
"MSB Sports Popular Willow Cricket Bat for Tennis Ball, Size 5,Natural(ST-5-Popular) with Cover and Tennis Ball",₹399,3.2 out of 5 stars
GM Icon 202 Kashmir Willow Short Handle Cricket Bat Size-Harrow,"₹2,676",4.4 out of 5 stars
"SG Sunny Gold Classic Cricket BAT, Multi Colour, English Willow","₹44,977",N/A
"Jaspo Slog Heavy Duty Plastic Cricket Bat,Full Size (34” X 4.5”inches) Premium Bat for All Age Groups – Kids/Boys/Girls/Adults",₹399,4.1 out of 5 stars
"Jaspo Slog Heavy Duty Plastic Cricket Bat,Full Size (34” X 4.5”inches) Premium Bat for All Age Groups – Kids/Boys/Girls/Adults",₹399,4.1 out of 5 stars
Jaspo Dominator-x Senior Plastic Cricket Full Size Bat (34” X 4.5” inch) for All Age Group with Soft Cricket Ball (Dominator-BAT),₹479,4.1 out of 5 stars
"Boldfit Turf Bat Cricket for Adults Plastic Tennis Cricket Bat for Mens Heavy Plastic Cricket Bats with Grip for Gully Cricket, Tournament Match Standard Full Size Tennis Ball Bat for Cricket - Black",₹449,4.1 out of 5 stars
SG Sierra Plus Kashmir Willow Cricket Bat,"₹1,920",4.0 out of 5 stars
"Jaspo Cric-Holic Heavy Duty Plastic Cricket Bat Kit,Full Size (34” X 4.5”inches) Premium Bat Combo for All Age Groups – Kids/Boys/Girls/Adults","₹1,299",4.2 out of 5 stars
